algorithm_name,env_n,size,best_solution,H,states,time,seed
HC,1,4,"[1, 3, 0, 2]",0,2,7e-05,0
SA,2,4,"[2, 0, 3, 1]",0,21,0.00011,0
GA,3,4,"[2, 0, 3, 1]",0,80,0.000331,0
RANDOM,4,4,"[2, 0, 3, 1]",0,68,0.000283,0
HC,5,4,"[1, 3, 2, 0]",1,3,6.7e-05,1
SA,6,4,"[2, 0, 3, 1]",0,56,0.000295,1
GA,7,4,"[2, 0, 3, 1]",0,80,0.000669,1
RANDOM,8,4,"[2, 0, 3, 1]",0,21,0.00013,1
HC,9,4,"[1, 3, 0, 2]",0,3,6.7e-05,2
SA,10,4,"[1, 3, 0, 2]",0,21,0.000153,2
GA,11,4,"[2, 0, 3, 1]",0,160,0.001665,2
RANDOM,12,4,"[1, 3, 0, 2]",0,194,0.001457,2
HC,13,4,"[1, 0, 2, 3]",2,3,0.00012,3
SA,14,4,"[2, 0, 3, 1]",0,67,0.00051,3
GA,15,4,"[2, 0, 3, 1]",0,80,0.000667,3
RANDOM,16,4,"[2, 0, 3, 1]",0,27,0.00021,3
HC,17,4,"[1, 2, 0, 3]",1,2,6.3e-05,4
SA,18,4,"[2, 0, 3, 1]",0,135,0.000934,4
GA,19,4,"[1, 3, 0, 2]",0,160,0.004176,4
RANDOM,20,4,"[1, 3, 0, 2]",0,124,0.001125,4
HC,21,4,"[1, 2, 0, 3]",1,3,0.000132,5
SA,22,4,"[2, 0, 3, 1]",0,83,0.000611,5
GA,23,4,"[1, 3, 0, 2]",0,320,0.011655,5
RANDOM,24,4,"[2, 0, 3, 1]",0,146,0.001218,5
HC,25,4,"[1, 3, 2, 0]",1,3,7.4e-05,6
SA,26,4,"[2, 0, 3, 1]",0,33,0.000232,6
GA,27,4,"[2, 0, 3, 1]",0,160,0.004387,6
RANDOM,28,4,"[1, 3, 0, 2]",0,414,0.003643,6
HC,29,4,"[2, 1, 3, 0]",1,2,4.3e-05,7
SA,30,4,"[1, 3, 0, 2]",0,118,0.000782,7
GA,31,4,"[2, 0, 3, 1]",0,160,0.00274,7
RANDOM,32,4,"[1, 3, 0, 2]",0,182,0.001326,7
HC,33,4,"[0, 2, 3, 1]",1,3,6e-05,8
SA,34,4,"[2, 0, 3, 1]",0,6,4.9e-05,8
GA,35,4,"[2, 0, 3, 1]",0,160,0.002687,8
RANDOM,36,4,"[1, 3, 0, 2]",0,120,0.000777,8
HC,37,4,"[3, 0, 2, 1]",1,3,8.4e-05,9
SA,38,4,"[2, 0, 3, 1]",0,4,3.4e-05,9
GA,39,4,"[2, 0, 3, 1]",0,240,0.00426,9
RANDOM,40,4,"[1, 3, 0, 2]",0,155,0.001288,9
HC,41,4,"[0, 3, 3, 0]",2,2,0.000123,10
SA,42,4,"[1, 3, 0, 2]",0,230,0.00203,10
GA,43,4,"[2, 0, 3, 1]",0,160,0.004251,10
RANDOM,44,4,"[1, 3, 0, 2]",0,213,0.001765,10
HC,45,4,"[2, 0, 3, 1]",0,3,0.000122,11
SA,46,4,"[1, 3, 0, 2]",0,211,0.001696,11
GA,47,4,"[1, 3, 0, 2]",0,240,0.008406,11
RANDOM,48,4,"[1, 3, 0, 2]",0,151,0.00125,11
HC,49,4,"[3, 0, 2, 1]",1,3,0.000116,12
SA,50,4,"[1, 3, 0, 2]",0,27,0.000226,12
GA,51,4,"[2, 0, 3, 1]",0,160,0.004182,12
RANDOM,52,4,"[1, 3, 0, 2]",0,99,0.000741,12
HC,53,4,"[0, 2, 3, 1]",1,4,0.000123,13
SA,54,4,"[2, 0, 3, 1]",0,8,7.2e-05,13
GA,55,4,"[1, 3, 0, 2]",0,400,0.014729,13
RANDOM,56,4,"[2, 0, 3, 1]",0,139,0.001127,13
HC,57,4,"[3, 1, 0, 2]",1,4,0.000182,14
SA,58,4,"[1, 3, 0, 2]",0,74,0.000563,14
GA,59,4,"[1, 3, 0, 2]",0,80,0.000621,14
RANDOM,60,4,"[1, 3, 0, 2]",0,63,0.000449,14
HC,61,4,"[3, 0, 2, 1]",1,4,0.000134,15
SA,62,4,"[1, 3, 0, 2]",0,80,0.000768,15
GA,63,4,"[2, 0, 3, 1]",0,160,0.004929,15
RANDOM,64,4,"[2, 0, 3, 1]",0,178,0.001596,15
HC,65,4,"[1, 3, 0, 2]",0,4,0.00012,16
SA,66,4,"[1, 3, 0, 2]",0,37,0.00035,16
GA,67,4,"[1, 3, 0, 2]",0,160,0.002113,16
RANDOM,68,4,"[1, 3, 0, 2]",0,91,0.000448,16
HC,69,4,"[3, 0, 2, 1]",1,4,0.000125,17
SA,70,4,"[1, 3, 0, 2]",0,128,0.000427,17
GA,71,4,"[2, 0, 3, 1]",0,160,0.002002,17
RANDOM,72,4,"[1, 3, 0, 2]",0,159,0.000845,17
HC,73,4,"[2, 0, 3, 1]",0,4,0.000186,18
SA,74,4,"[1, 3, 0, 2]",0,10,0.000132,18
GA,75,4,"[1, 3, 0, 2]",0,240,0.006722,18
RANDOM,76,4,"[1, 3, 0, 2]",0,607,0.003792,18
HC,77,4,"[2, 0, 1, 3]",1,3,0.000158,19
SA,78,4,"[1, 3, 0, 2]",0,102,0.000788,19
GA,79,4,"[1, 3, 0, 2]",0,80,0.000493,19
RANDOM,80,4,"[1, 3, 0, 2]",0,61,0.000222,19
HC,81,4,"[1, 3, 0, 2]",0,2,4.5e-05,20
SA,82,4,"[1, 3, 0, 2]",0,129,0.000462,20
GA,83,4,"[1, 3, 0, 2]",0,160,0.00178,20
RANDOM,84,4,"[1, 3, 0, 2]",0,133,0.000956,20
HC,85,4,"[1, 3, 0, 2]",0,2,5e-05,21
SA,86,4,"[2, 0, 3, 1]",0,5,3.2e-05,21
GA,87,4,"[1, 3, 0, 2]",0,80,0.000644,21
RANDOM,88,4,"[1, 3, 0, 2]",0,29,0.000167,21
HC,89,4,"[1, 2, 0, 3]",1,3,0.000125,22
SA,90,4,"[1, 3, 0, 2]",0,127,0.000695,22
GA,91,4,"[1, 3, 0, 2]",0,80,0.000579,22
RANDOM,92,4,"[1, 3, 0, 2]",0,9,9e-05,22
HC,93,4,"[3, 1, 0, 2]",1,4,0.000118,23
SA,94,4,"[1, 3, 0, 2]",0,51,0.000391,23
GA,95,4,"[2, 0, 3, 1]",0,80,0.000781,23
RANDOM,96,4,"[2, 0, 3, 1]",0,43,0.000321,23
HC,97,4,"[2, 0, 3, 1]",0,4,0.000113,24
SA,98,4,"[1, 3, 0, 2]",0,59,0.000434,24
GA,99,4,"[2, 0, 3, 1]",0,160,0.004272,24
RANDOM,100,4,"[2, 0, 3, 1]",0,584,0.002757,24
HC,101,4,"[3, 1, 0, 2]",1,4,0.000114,25
SA,102,4,"[2, 0, 3, 1]",0,29,0.000136,25
GA,103,4,"[2, 0, 3, 1]",0,240,0.002961,25
RANDOM,104,4,"[1, 3, 0, 2]",0,425,0.001897,25
HC,105,4,"[2, 1, 3, 0]",1,3,9e-05,26
SA,106,4,"[2, 0, 3, 1]",0,29,0.000159,26
GA,107,4,"[1, 3, 0, 2]",0,80,0.000874,26
RANDOM,108,4,"[1, 3, 0, 2]",0,47,0.000433,26
HC,109,4,"[3, 0, 2, 1]",1,3,8.1e-05,27
SA,110,4,"[2, 0, 3, 1]",0,213,0.001272,27
GA,111,4,"[1, 3, 0, 2]",0,80,0.000527,27
RANDOM,112,4,"[1, 3, 0, 2]",0,16,9.3e-05,27
HC,113,4,"[0, 2, 3, 1]",1,4,0.0001,28
SA,114,4,"[2, 0, 3, 1]",0,37,0.000349,28
GA,115,4,"[1, 3, 0, 2]",0,80,0.000636,28
RANDOM,116,4,"[1, 3, 0, 2]",0,43,0.000362,28
HC,117,4,"[1, 3, 2, 0]",1,4,0.000213,29
SA,118,4,"[2, 0, 3, 1]",0,151,0.000835,29
GA,119,4,"[2, 0, 3, 1]",0,80,0.00056,29
RANDOM,120,4,"[2, 0, 3, 1]",0,11,4.4e-05,29
HC,121,8,"[6, 3, 5, 2, 1, 6, 4, 7]",2,6,0.002475,0
SA,122,8,"[6, 4, 7, 1, 4, 2, 5, 3]",1,1920,0.02227,0
GA,123,8,"[5, 2, 1, 6, 4, 7, 0, 3]",1,10000,0.437306,0
RANDOM,124,8,"[2, 0, 5, 7, 0, 3, 6, 4]",1,10000,0.10486,0
HC,125,8,"[5, 2, 4, 1, 7, 0, 3, 6]",1,6,0.001486,1
SA,126,8,"[6, 0, 3, 1, 7, 5, 2, 4]",1,1920,0.017142,1
GA,127,8,"[5, 1, 6, 0, 2, 4, 7, 3]",0,400,0.018154,1
RANDOM,128,8,"[6, 2, 5, 1, 4, 0, 3, 3]",1,10000,0.097896,1
HC,129,8,"[0, 6, 1, 5, 2, 4, 7, 3]",1,4,0.000923,2
SA,130,8,"[2, 5, 1, 6, 0, 3, 7, 4]",0,922,0.005942,2
GA,131,8,"[1, 3, 6, 0, 7, 4, 0, 5]",1,10000,0.423588,2
RANDOM,132,8,"[0, 7, 4, 2, 0, 6, 3, 5]",1,10000,0.095444,2
HC,133,8,"[6, 3, 5, 7, 2, 0, 7, 4]",2,5,0.001166,3
SA,134,8,"[3, 1, 7, 2, 6, 2, 0, 5]",1,1920,0.019806,3
GA,135,8,"[3, 5, 7, 2, 0, 6, 4, 1]",0,1120,0.054145,3
RANDOM,136,8,"[2, 4, 6, 0, 5, 7, 1, 3]",1,10000,0.093861,3
HC,137,8,"[0, 3, 1, 6, 7, 2, 4, 1]",2,5,0.001223,4
SA,138,8,"[5, 1, 6, 0, 2, 4, 7, 3]",0,162,0.001048,4
GA,139,8,"[3, 5, 0, 4, 1, 7, 2, 6]",0,400,0.017759,4
RANDOM,140,8,"[2, 7, 5, 3, 1, 0, 4, 6]",1,10000,0.098414,4
HC,141,8,"[4, 5, 0, 6, 3, 7, 2, 1]",2,4,0.000881,5
SA,142,8,"[3, 7, 4, 2, 0, 6, 1, 5]",0,550,0.003275,5
GA,143,8,"[2, 7, 3, 6, 0, 5, 1, 4]",0,8560,0.34894,5
RANDOM,144,8,"[1, 1, 6, 0, 2, 7, 5, 3]",1,10000,0.093122,5
HC,145,8,"[1, 7, 4, 6, 0, 2, 5, 5]",1,4,0.000949,6
SA,146,8,"[2, 5, 7, 0, 4, 6, 1, 3]",0,1720,0.013944,6
GA,147,8,"[3, 6, 4, 1, 5, 0, 2, 7]",0,1520,0.072457,6
RANDOM,148,8,"[5, 2, 0, 3, 0, 7, 1, 4]",1,10000,0.091768,6
HC,149,8,"[4, 2, 6, 3, 1, 7, 5, 0]",1,5,0.001158,7
SA,150,8,"[2, 6, 1, 7, 5, 3, 0, 4]",0,1266,0.009472,7
GA,151,8,"[1, 7, 5, 2, 6, 3, 0, 4]",1,10000,0.416377,7
RANDOM,152,8,"[2, 6, 1, 4, 7, 0, 3, 5]",1,10000,0.08855,7
HC,153,8,"[3, 5, 6, 2, 0, 7, 1, 4]",1,5,0.001171,8
SA,154,8,"[3, 0, 4, 7, 5, 2, 6, 1]",0,546,0.003259,8
GA,155,8,"[6, 2, 7, 1, 4, 2, 5, 3]",1,10000,0.400538,8
RANDOM,156,8,"[7, 6, 3, 0, 4, 1, 5, 2]",1,10000,0.089546,8
HC,157,8,"[7, 1, 4, 6, 2, 0, 5, 3]",1,5,0.001113,9
SA,158,8,"[2, 7, 7, 1, 3, 5, 0, 4]",1,1920,0.01441,9
GA,159,8,"[1, 4, 6, 0, 2, 7, 5, 3]",0,2560,0.117215,9
RANDOM,160,8,"[2, 6, 3, 1, 7, 5, 0, 2]",1,10000,0.092442,9
HC,161,8,"[0, 5, 7, 1, 3, 7, 2, 4]",1,5,0.001112,10
SA,162,8,"[3, 1, 6, 4, 0, 7, 5, 2]",0,875,0.005605,10
GA,163,8,"[3, 1, 4, 7, 5, 0, 2, 6]",0,880,0.046748,10
RANDOM,164,8,"[7, 5, 0, 5, 1, 4, 6, 3]",1,10000,0.094028,10
HC,165,8,"[4, 0, 5, 3, 1, 7, 2, 2]",1,7,0.001759,11
SA,166,8,"[2, 5, 7, 0, 4, 6, 1, 3]",0,469,0.003162,11
GA,167,8,"[5, 2, 6, 1, 7, 4, 0, 3]",0,3040,0.127181,11
RANDOM,168,8,"[6, 1, 3, 0, 6, 4, 2, 5]",1,10000,0.090872,11
HC,169,8,"[4, 2, 5, 1, 6, 0, 3, 7]",1,6,0.001475,12
SA,170,8,"[3, 5, 7, 1, 6, 0, 2, 4]",0,205,0.001318,12
GA,171,8,"[5, 2, 4, 7, 0, 3, 1, 6]",0,960,0.047809,12
RANDOM,172,8,"[2, 5, 3, 6, 0, 2, 4, 7]",1,10000,0.09179,12
HC,173,8,"[4, 4, 1, 3, 6, 3, 7, 2]",2,5,0.001205,13
SA,174,8,"[5, 3, 1, 7, 2, 6, 2, 0]",1,1920,0.017012,13
GA,175,8,"[1, 3, 7, 0, 7, 5, 2, 6]",1,10000,0.408045,13
RANDOM,176,8,"[3, 6, 2, 1, 5, 7, 2, 4]",2,10000,0.09493,13
HC,177,8,"[3, 6, 0, 2, 4, 1, 7, 4]",1,6,0.001494,14
SA,178,8,"[5, 3, 6, 0, 7, 1, 4, 2]",0,799,0.005687,14
GA,179,8,"[4, 1, 7, 0, 3, 6, 2, 5]",0,4240,0.258527,14
RANDOM,180,8,"[4, 2, 0, 3, 1, 7, 5, 2]",1,10000,0.088601,14
HC,181,8,"[1, 7, 0, 6, 3, 5, 0, 4]",1,7,0.001737,15
SA,182,8,"[0, 6, 3, 5, 7, 1, 4, 2]",0,319,0.001951,15
GA,183,8,"[4, 2, 0, 6, 1, 7, 5, 3]",0,1440,0.065421,15
RANDOM,184,8,"[5, 1, 6, 4, 2, 7, 5, 3]",1,10000,0.093127,15
HC,185,8,"[5, 1, 1, 6, 6, 3, 7, 0]",2,5,0.00121,16
SA,186,8,"[1, 5, 0, 6, 3, 7, 2, 4]",0,285,0.001771,16
GA,187,8,"[3, 5, 7, 1, 6, 0, 2, 4]",0,2800,0.122474,16
RANDOM,188,8,"[3, 0, 6, 4, 1, 7, 0, 2]",1,10000,0.092818,16
HC,189,8,"[6, 3, 3, 7, 2, 4, 1, 0]",3,5,0.001254,17
SA,190,8,"[4, 2, 7, 5, 1, 6, 0, 3]",1,1920,0.014204,17
GA,191,8,"[4, 1, 7, 2, 6, 3, 0, 5]",1,10000,0.405147,17
RANDOM,192,8,"[5, 1, 6, 4, 0, 7, 3, 2]",1,10000,0.089599,17
HC,193,8,"[6, 1, 7, 5, 3, 0, 7, 4]",1,5,0.001166,18
SA,194,8,"[6, 2, 3, 5, 0, 4, 1, 7]",1,1920,0.019923,18
GA,195,8,"[1, 6, 4, 7, 0, 3, 5, 2]",0,560,0.029139,18
RANDOM,196,8,"[3, 6, 2, 7, 5, 7, 0, 4]",1,10000,0.098591,18
HC,197,8,"[0, 1, 3, 6, 2, 7, 2, 4]",2,4,0.000888,19
SA,198,8,"[7, 5, 1, 5, 0, 6, 4, 2]",1,1920,0.012296,19
GA,199,8,"[5, 7, 4, 1, 3, 6, 0, 2]",1,10000,0.404974,19
RANDOM,200,8,"[6, 2, 0, 5, 1, 4, 1, 7]",1,10000,0.091961,19
HC,201,8,"[7, 4, 1, 5, 2, 0, 6, 3]",1,4,0.000837,20
SA,202,8,"[5, 0, 4, 1, 7, 2, 6, 3]",0,58,0.000358,20
GA,203,8,"[4, 1, 7, 0, 3, 6, 2, 5]",0,800,0.039836,20
RANDOM,204,8,"[2, 5, 1, 6, 0, 6, 4, 7]",1,10000,0.093602,20
HC,205,8,"[5, 0, 6, 4, 7, 1, 3, 2]",1,6,0.001627,21
SA,206,8,"[5, 2, 0, 7, 3, 1, 6, 4]",0,795,0.005447,21
GA,207,8,"[1, 4, 7, 5, 0, 2, 4, 6]",1,10000,0.405812,21
RANDOM,208,8,"[5, 2, 0, 3, 6, 7, 1, 4]",1,10000,0.091492,21
HC,209,8,"[0, 6, 3, 7, 2, 4, 5, 1]",1,6,0.001356,22
SA,210,8,"[7, 3, 0, 2, 5, 1, 6, 4]",0,519,0.003025,22
GA,211,8,"[3, 1, 7, 4, 6, 0, 2, 5]",0,800,0.040591,22
RANDOM,212,8,"[6, 3, 1, 7, 4, 0, 2, 5]",1,10000,0.092336,22
HC,213,8,"[3, 7, 0, 4, 6, 1, 5, 2]",0,4,0.00097,23
SA,214,8,"[4, 2, 0, 5, 7, 1, 3, 6]",0,430,0.0034,23
GA,215,8,"[5, 2, 4, 7, 0, 3, 1, 6]",0,1280,0.056805,23
RANDOM,216,8,"[4, 2, 3, 5, 7, 1, 6, 0]",1,10000,0.093558,23
HC,217,8,"[6, 2, 3, 5, 0, 4, 1, 7]",1,6,0.001363,24
SA,218,8,"[3, 6, 4, 2, 0, 5, 7, 1]",0,899,0.006283,24
GA,219,8,"[4, 1, 3, 6, 2, 7, 5, 0]",0,960,0.050371,24
RANDOM,220,8,"[1, 5, 2, 0, 7, 3, 4, 6]",1,10000,0.091148,24
HC,221,8,"[6, 1, 3, 5, 7, 2, 4, 0]",1,5,0.001161,25
SA,222,8,"[3, 1, 6, 4, 0, 7, 5, 2]",0,1490,0.010968,25
GA,223,8,"[4, 1, 5, 0, 6, 3, 7, 2]",0,1120,0.054184,25
RANDOM,224,8,"[7, 2, 4, 6, 0, 5, 3, 1]",1,10000,0.09263,25
HC,225,8,"[1, 4, 6, 0, 2, 7, 5, 3]",0,5,0.001191,26
SA,226,8,"[6, 2, 7, 1, 4, 0, 5, 3]",0,1398,0.014797,26
GA,227,8,"[4, 2, 7, 5, 2, 0, 6, 3]",1,10000,0.404866,26
RANDOM,228,8,"[1, 5, 0, 2, 7, 4, 6, 3]",1,10000,0.090335,26
HC,229,8,"[7, 0, 6, 3, 1, 6, 4, 2]",1,6,0.001532,27
SA,230,8,"[4, 0, 3, 5, 7, 1, 6, 2]",0,553,0.003818,27
GA,231,8,"[3, 1, 6, 2, 0, 4, 7, 5]",1,10000,0.41001,27
RANDOM,232,8,"[5, 7, 5, 0, 2, 4, 6, 3]",1,10000,0.088591,27
HC,233,8,"[1, 4, 5, 0, 2, 7, 6, 3]",2,5,0.001189,28
SA,234,8,"[5, 1, 6, 0, 2, 4, 7, 3]",0,791,0.006152,28
GA,235,8,"[3, 0, 7, 1, 6, 0, 2, 4]",1,10000,0.412143,28
RANDOM,236,8,"[0, 3, 6, 2, 7, 1, 4, 0]",1,10000,0.088083,28
HC,237,8,"[3, 7, 4, 1, 5, 0, 6, 0]",1,5,0.001181,29
SA,238,8,"[5, 1, 6, 0, 3, 7, 4, 2]",0,1078,0.008414,29
GA,239,8,"[5, 3, 1, 7, 4, 6, 0, 2]",0,560,0.025142,29
RANDOM,240,8,"[6, 3, 6, 0, 7, 4, 1, 5]",1,10000,0.096153,29
HC,241,10,"[3, 9, 0, 4, 8, 0, 6, 1, 7, 5]",2,6,0.003448,0
SA,242,10,"[4, 2, 9, 3, 6, 8, 1, 5, 7, 0]",0,888,0.010221,0
GA,243,10,"[1, 7, 2, 8, 3, 0, 4, 9, 1, 5]",1,10000,0.62115,0
RANDOM,244,10,"[8, 1, 1, 9, 7, 0, 3, 6, 9, 5]",3,10000,0.132258,0
HC,245,10,"[2, 9, 5, 8, 1, 4, 7, 0, 6, 3]",1,7,0.003925,1
SA,246,10,"[8, 5, 2, 4, 1, 7, 9, 3, 6, 0]",0,434,0.004683,1
GA,247,10,"[6, 8, 0, 7, 9, 2, 5, 1, 4, 9]",1,10000,0.606732,1
RANDOM,248,10,"[5, 7, 1, 3, 0, 9, 0, 8, 1, 4]",3,10000,0.126342,1
HC,249,10,"[0, 6, 1, 5, 2, 8, 4, 8, 3, 9]",3,5,0.002693,2
SA,250,10,"[4, 7, 5, 2, 9, 1, 6, 8, 3, 0]",0,365,0.00311,2
GA,251,10,"[5, 8, 4, 9, 0, 3, 1, 7, 2, 6]",0,9680,0.603109,2
RANDOM,252,10,"[4, 2, 8, 3, 9, 6, 5, 2, 0, 7]",3,10000,0.133298,2
HC,253,10,"[3, 6, 8, 2, 0, 9, 7, 4, 1, 9]",1,5,0.002927,3
SA,254,10,"[2, 5, 8, 6, 3, 0, 7, 1, 4, 9]",0,1036,0.01081,3
GA,255,10,"[5, 7, 4, 6, 0, 2, 4, 8, 3, 9]",1,10000,0.590559,3
RANDOM,256,10,"[1, 8, 2, 7, 4, 2, 0, 6, 3, 5]",2,10000,0.132773,3
HC,257,10,"[0, 5, 1, 9, 7, 2, 8, 3, 0, 4]",1,8,0.004659,4
SA,258,10,"[6, 2, 9, 1, 4, 8, 3, 0, 7, 5]",0,520,0.007807,4
GA,259,10,"[5, 9, 0, 4, 8, 1, 3, 1, 7, 2]",1,10000,0.602592,4
RANDOM,260,10,"[6, 7, 4, 1, 8, 0, 5, 3, 2, 9]",3,10000,0.134795,4
HC,261,10,"[9, 4, 6, 8, 0, 7, 3, 0, 2, 1]",3,3,0.001416,5
SA,262,10,"[7, 7, 2, 0, 9, 1, 5, 8, 6, 3]",1,1920,0.02545,5
GA,263,10,"[0, 6, 4, 1, 7, 9, 2, 8, 5, 3]",0,6880,0.398234,5
RANDOM,264,10,"[8, 4, 0, 0, 9, 5, 1, 2, 7, 3]",2,10000,0.122944,5
HC,265,10,"[3, 1, 7, 4, 8, 0, 2, 9, 7, 5]",2,4,0.002219,6
SA,266,10,"[3, 1, 8, 5, 3, 6, 0, 2, 4, 7]",1,1920,0.022048,6
GA,267,10,"[4, 8, 1, 3, 7, 0, 2, 5, 9, 6]",0,1920,0.119609,6
RANDOM,268,10,"[1, 8, 2, 7, 3, 0, 9, 1, 6, 2]",2,10000,0.121049,6
HC,269,10,"[2, 0, 6, 3, 1, 8, 1, 5, 9, 0]",2,5,0.002756,7
SA,270,10,"[7, 9, 4, 1, 8, 6, 9, 2, 0, 5]",1,1920,0.022611,7
GA,271,10,"[9, 1, 5, 7, 1, 3, 0, 6, 4, 2]",1,10000,0.592631,7
RANDOM,272,10,"[2, 6, 1, 9, 4, 7, 0, 8, 3, 5]",2,10000,0.133525,7
HC,273,10,"[1, 5, 6, 2, 9, 7, 4, 0, 3, 8]",2,7,0.004112,8
SA,274,10,"[1, 6, 8, 2, 7, 3, 0, 9, 4, 9]",1,1920,0.023446,8
GA,275,10,"[1, 4, 2, 8, 3, 9, 0, 2, 5, 7]",1,10000,0.592047,8
RANDOM,276,10,"[2, 6, 8, 3, 7, 9, 1, 8, 5, 3]",3,10000,0.129806,8
HC,277,10,"[2, 9, 1, 6, 0, 2, 0, 5, 8, 4]",2,7,0.004062,9
SA,278,10,"[9, 4, 0, 7, 3, 1, 6, 8, 5, 2]",0,409,0.004333,9
GA,279,10,"[3, 5, 0, 2, 9, 6, 8, 1, 4, 6]",1,10000,0.60581,9
RANDOM,280,10,"[8, 8, 2, 9, 6, 3, 7, 0, 7, 5]",3,10000,0.130024,9
HC,281,10,"[2, 2, 6, 1, 9, 0, 3, 7, 4, 8]",1,8,0.004681,10
SA,282,10,"[3, 6, 0, 5, 1, 9, 7, 2, 4, 8]",0,924,0.010113,10
GA,283,10,"[3, 0, 7, 5, 1, 9, 6, 8, 2, 7]",1,10000,0.589593,10
RANDOM,284,10,"[4, 0, 8, 0, 7, 1, 9, 2, 6, 3]",2,10000,0.134444,10
HC,285,10,"[5, 0, 4, 1, 7, 9, 3, 2, 8, 1]",2,8,0.004752,11
SA,286,10,"[8, 1, 7, 0, 3, 6, 9, 5, 2, 4]",0,808,0.009478,11
GA,287,10,"[5, 7, 1, 3, 0, 8, 4, 2, 9, 6]",0,6160,0.367238,11
RANDOM,288,10,"[9, 4, 0, 5, 3, 7, 7, 3, 8, 2]",3,10000,0.123023,11
HC,289,10,"[9, 1, 8, 5, 0, 6, 0, 5, 7, 4]",2,5,0.00271,12
SA,290,10,"[4, 1, 9, 6, 3, 0, 2, 8, 5, 7]",0,611,0.007793,12
GA,291,10,"[6, 9, 2, 4, 8, 0, 3, 1, 7, 5]",0,1040,0.075329,12
RANDOM,292,10,"[9, 9, 2, 0, 8, 6, 4, 1, 7, 5]",2,10000,0.123613,12
HC,293,10,"[4, 4, 9, 0, 6, 3, 7, 2, 1, 8]",2,6,0.003258,13
SA,294,10,"[7, 2, 4, 1, 8, 5, 9, 6, 3, 0]",0,1124,0.01254,13
GA,295,10,"[3, 6, 9, 2, 4, 1, 7, 5, 8, 0]",1,10000,0.70947,13
RANDOM,296,10,"[6, 9, 5, 2, 7, 3, 8, 8, 1, 4]",2,10000,0.144158,13
HC,297,10,"[1, 9, 7, 3, 0, 2, 5, 1, 6, 4]",1,7,0.005706,14
SA,298,10,"[1, 6, 9, 3, 0, 7, 4, 2, 5, 8]",0,732,0.007711,14
GA,299,10,"[3, 7, 2, 8, 6, 9, 1, 5, 4, 0]",1,10000,0.794896,14
RANDOM,300,10,"[4, 8, 0, 3, 0, 7, 5, 1, 9, 6]",2,10000,0.130456,14
HC,301,10,"[4, 0, 8, 0, 7, 3, 6, 9, 1, 5]",1,7,0.004264,15
SA,302,10,"[7, 2, 8, 6, 9, 1, 8, 4, 0, 3]",1,1920,0.0226,15
GA,303,10,"[4, 6, 1, 9, 7, 3, 0, 2, 8, 5]",0,1520,0.107871,15
RANDOM,304,10,"[6, 2, 2, 7, 1, 8, 4, 9, 3, 0]",2,10000,0.142576,15
HC,305,10,"[6, 1, 7, 0, 8, 3, 9, 0, 2, 4]",1,8,0.007699,16
SA,306,10,"[2, 4, 8, 0, 5, 9, 6, 1, 3, 7]",0,962,0.021624,16
GA,307,10,"[0, 2, 6, 9, 1, 4, 8, 3, 5, 7]",1,10000,1.058831,16
RANDOM,308,10,"[4, 9, 1, 5, 2, 0, 6, 8, 1, 3]",2,10000,0.152641,16
HC,309,10,"[3, 6, 9, 7, 4, 2, 8, 5, 1, 0]",2,7,0.004007,17
SA,310,10,"[4, 7, 3, 0, 6, 1, 9, 5, 8, 2]",0,694,0.008789,17
GA,311,10,"[6, 3, 0, 7, 1, 4, 9, 5, 8, 2]",1,10000,0.641152,17
RANDOM,312,10,"[5, 9, 1, 4, 8, 8, 3, 9, 6, 0]",3,10000,0.127747,17
HC,313,10,"[6, 1, 7, 5, 3, 0, 9, 4, 2, 7]",1,6,0.003433,18
SA,314,10,"[9, 7, 4, 1, 3, 0, 6, 8, 2, 5]",0,219,0.001854,18
GA,315,10,"[6, 9, 2, 5, 1, 4, 7, 0, 3, 7]",1,10000,0.637265,18
RANDOM,316,10,"[3, 0, 6, 9, 2, 8, 1, 4, 2, 5]",2,10000,0.148481,18
HC,317,10,"[6, 3, 1, 7, 2, 0, 5, 8, 4, 9]",2,7,0.00459,19
SA,318,10,"[0, 7, 5, 1, 8, 6, 3, 9, 2, 4]",0,414,0.008009,19
GA,319,10,"[8, 1, 9, 2, 5, 7, 0, 3, 6, 4]",0,7520,0.444371,19
RANDOM,320,10,"[1, 4, 0, 7, 9, 2, 6, 1, 3, 0]",2,10000,0.119857,19
HC,321,10,"[0, 4, 1, 5, 9, 2, 0, 8, 6, 1]",2,4,0.001989,20
SA,322,10,"[8, 1, 3, 0, 6, 9, 5, 2, 4, 7]",0,1547,0.016215,20
GA,323,10,"[7, 4, 2, 0, 6, 9, 5, 8, 1, 3]",0,2640,0.159422,20
RANDOM,324,10,"[8, 5, 7, 1, 0, 2, 6, 9, 2, 4]",2,10000,0.118742,20
HC,325,10,"[9, 6, 4, 0, 7, 3, 1, 8, 2, 5]",1,7,0.004203,21
SA,326,10,"[0, 4, 7, 1, 6, 9, 2, 8, 5, 3]",0,714,0.009095,21
GA,327,10,"[4, 2, 0, 9, 6, 8, 1, 4, 7, 5]",1,10000,0.59218,21
RANDOM,328,10,"[8, 6, 1, 3, 5, 9, 4, 0, 5, 2]",3,10000,0.123358,21
HC,329,10,"[8, 3, 0, 9, 7, 2, 0, 6, 1, 5]",1,6,0.00329,22
SA,330,10,"[1, 5, 2, 6, 9, 7, 4, 0, 3, 8]",0,1153,0.01387,22
GA,331,10,"[5, 1, 4, 9, 3, 8, 2, 4, 6, 0]",1,10000,0.585765,22
RANDOM,332,10,"[2, 4, 6, 0, 9, 1, 7, 5, 8, 8]",2,10000,0.123377,22
HC,333,10,"[4, 1, 7, 9, 3, 0, 0, 8, 5, 2]",1,6,0.003363,23
SA,334,10,"[3, 5, 0, 8, 4, 2, 7, 9, 6, 1]",1,1920,0.023317,23
GA,335,10,"[5, 3, 9, 6, 8, 1, 7, 0, 2, 7]",1,10000,0.593423,23
RANDOM,336,10,"[6, 8, 1, 2, 0, 7, 4, 1, 3, 9]",2,10000,0.129286,23
HC,337,10,"[6, 9, 2, 0, 5, 3, 8, 1, 7, 4]",1,6,0.003373,24
SA,338,10,"[4, 7, 1, 3, 9, 6, 8, 5, 2, 6]",1,1920,0.019857,24
GA,339,10,"[9, 6, 8, 2, 4, 1, 7, 5, 3, 6]",1,10000,0.827895,24
RANDOM,340,10,"[6, 9, 5, 0, 4, 1, 8, 2, 7, 3]",1,10000,0.145936,24
HC,341,10,"[6, 8, 1, 5, 7, 0, 4, 0, 4, 9]",2,5,0.002889,25
SA,342,10,"[1, 3, 8, 0, 4, 9, 5, 2, 4, 7]",1,1920,0.018108,25
GA,343,10,"[5, 3, 1, 7, 2, 6, 9, 0, 8, 4]",0,1280,0.087716,25
RANDOM,344,10,"[5, 1, 1, 4, 0, 8, 0, 9, 6, 2]",2,10000,0.128593,25
HC,345,10,"[6, 3, 0, 4, 8, 0, 2, 7, 1, 9]",2,6,0.00429,26
SA,346,10,"[0, 2, 7, 9, 6, 3, 1, 4, 5, 8]",1,1920,0.020031,26
GA,347,10,"[4, 8, 5, 3, 9, 0, 2, 9, 6, 1]",1,10000,0.654752,26
RANDOM,348,10,"[5, 6, 4, 7, 0, 3, 5, 2, 9, 3]",3,10000,0.130429,26
HC,349,10,"[7, 0, 6, 9, 1, 1, 4, 8, 5, 2]",2,6,0.003381,27
SA,350,10,"[4, 8, 1, 9, 6, 3, 0, 7, 5, 2]",0,1231,0.014691,27
GA,351,10,"[9, 4, 2, 7, 3, 1, 8, 5, 0, 6]",0,9200,0.547591,27
RANDOM,352,10,"[3, 6, 0, 9, 1, 5, 8, 8, 2, 4]",2,10000,0.122605,27
HC,353,10,"[1, 3, 8, 6, 2, 0, 2, 7, 5, 3]",2,6,0.003251,28
SA,354,10,"[5, 3, 8, 0, 4, 1, 9, 6, 2, 7]",1,1920,0.021815,28
GA,355,10,"[5, 3, 1, 9, 2, 6, 9, 7, 0, 4]",1,10000,0.605363,28
RANDOM,356,10,"[5, 7, 1, 8, 0, 8, 4, 2, 9, 3]",2,10000,0.125503,28
HC,357,10,"[8, 3, 0, 9, 9, 4, 1, 7, 2, 6]",1,6,0.003402,29
SA,358,10,"[3, 5, 9, 4, 1, 7, 2, 6, 8, 0]",0,999,0.013547,29
GA,359,10,"[3, 1, 6, 8, 5, 2, 0, 9, 7, 4]",0,2240,0.142078,29
RANDOM,360,10,"[2, 6, 1, 9, 5, 8, 0, 7, 3, 5]",2,10000,0.122708,29
